wallet_address,credit_score
0x123...,999.9999999988502
0x789...,241.4733340108577
0x456...,574.6035054238847
0xabc...,0.0
